Name,AHseq,Organisms,Group,phil_A,phob_A,phil_G,phob_G,phil_V,phob_V,phil_L,phob_L,phil_I,phob_I,phil_F,phob_F,phil_W,phob_W,phil_M,phob_M,phil_Y,phob_Y,phil_C,phob_C,phil_S,phob_S,phil_T,phob_T,phil_R,phob_R,phil_K,phob_K,phil_N,phob_N,phil_Q,phob_Q,phil_D,phob_D,phil_E,phob_E,phil_H,phob_H,phil_P,phob_P,Length,Hydrophobicity,H_moment,Netcharge,Dfactor
KDSR,GLFRTIALFYLGSFDSIV,Human,1,0.0,0.11,0.22,0.0,0.11,0.0,0.22,0.11,0.0,0.22,0.0,0.33,0.0,0.0,0.0,0.0,0.0,0.11,0.0,0.0,0.11,0.11,0.11,0.0,0.11,0.0,0.0,0.0,0.0,0.0,0.0,0.0,0.11,0.0,0.0,0.0,0.0,0.0,0.0,0.0,18.0,0.831,0.3637031032557817,0.0,0.343
KDSR,GLFRTIALFYLGSFDNIV,Mouse,1,0.0,0.11,0.22,0.0,0.0,0.11,0.22,0.11,0.0,0.22,0.11,0.22,0.0,0.0,0.0,0.0,0.0,0.11,0.0,0.0,0.0,0.11,0.11,0.0,0.11,0.0,0.0,0.0,0.11,0.0,0.0,0.0,0.11,0.0,0.0,0.0,0.0,0.0,0.0,0.0,18.0,0.8,0.37525483529563003,0.0,0.354
KDSR,GIFRIVGLFYLGSFDSIV,Chicken,1,0.0,0.0,0.22,0.11,0.11,0.11,0.22,0.0,0.11,0.22,0.0,0.33,0.0,0.0,0.0,0.0,0.0,0.11,0.0,0.0,0.11,0.11,0.0,0.0,0.11,0.0,0.0,0.0,0.0,0.0,0.0,0.0,0.11,0.0,0.0,0.0,0.0,0.0,0.0,0.0,18.0,0.873,0.28646196056180445,0.0,0.27
KDSR,GLFRIIALFYLGSFDSIV,Frog,1,0.0,0.11,0.22,0.0,0.11,0.0,0.22,0.11,0.11,0.22,0.0,0.33,0.0,0.0,0.0,0.0,0.0,0.11,0.0,0.0,0.11,0.11,0.0,0.0,0.11,0.0,0.0,0.0,0.0,0.0,0.0,0.0,0.11,0.0,0.0,0.0,0.0,0.0,0.0,0.0,18.0,0.917,0.3161999002635978,0.0,0.298
TMEM214,CASHLAWFGDSLTSLSQRLQ,Human,1,0.2,0.0,0.0,0.1,0.0,0.0,0.0,0.4,0.0,0.0,0.0,0.1,0.1,0.0,0.0,0.0,0.0,0.0,0.0,0.1,0.2,0.2,0.1,0.0,0.1,0.0,0.0,0.0,0.0,0.0,0.2,0.0,0.1,0.0,0.0,0.0,0.0,0.1,0.0,0.0,20.0,0.55,0.4447841131396514,0.0,0.42
TMEM214,CASYLACFSDSLAGFFQR,Mouse,1,0.33,0.0,0.11,0.0,0.0,0.0,0.0,0.22,0.0,0.0,0.0,0.33,0.0,0.0,0.0,0.0,0.0,0.11,0.11,0.11,0.11,0.22,0.0,0.0,0.11,0.0,0.0,0.0,0.0,0.0,0.11,0.0,0.11,0.0,0.0,0.0,0.0,0.0,0.0,0.0,18.0,0.646,0.49357135713458394,0.0,0.466
TMEM214,CSTYLSWAGEHLPWLLEWLQ,Chicken,1,0.0,0.1,0.1,0.0,0.0,0.0,0.1,0.4,0.0,0.0,0.0,0.0,0.1,0.2,0.0,0.0,0.0,0.1,0.0,0.1,0.2,0.0,0.1,0.0,0.0,0.0,0.0,0.0,0.0,0.0,0.1,0.0,0.0,0.0,0.2,0.0,0.0,0.1,0.1,0.0,20.0,0.879,0.40025154810641145,-2.0,-0.282
TMEM214,GSALIAYAQDNLPRLLEWLH,Frog,1,0.2,0.1,0.0,0.1,0.0,0.0,0.0,0.5,0.0,0.1,0.0,0.0,0.1,0.0,0.0,0.0,0.1,0.0,0.0,0.0,0.1,0.0,0.0,0.0,0.1,0.0,0.0,0.0,0.0,0.1,0.0,0.1,0.1,0.0,0.1,0.0,0.1,0.0,0.1,0.0,20.0,0.601,0.41232649701102614,-1.0,0.059
TMEM214,SSELMLWMQENLPLLLHWIH,Fish,1,0.0,0.0,0.0,0.0,0.0,0.0,0.3,0.3,0.0,0.1,0.0,0.0,0.0,0.2,0.0,0.2,0.0,0.0,0.0,0.0,0.1,0.1,0.0,0.0,0.0,0.0,0.0,0.0,0.0,0.1,0.1,0.0,0.0,0.0,0.2,0.0,0.2,0.0,0.1,0.0,20.0,0.888,0.28779034183785623,-2.0,-0.388
mboat7,LADTLRYWAS,Human,1,0.2,0.2,0.0,0.0,0.0,0.0,0.0,0.4,0.0,0.0,0.0,0.0,0.0,0.2,0.0,0.0,0.2,0.0,0.0,0.0,0.2,0.0,0.0,0.2,0.2,0.0,0.0,0.0,0.0,0.0,0.0,0.0,0.2,0.0,0.0,0.0,0.0,0.0,0.0,0.0,10.0,0.567,0.632433894862728,0.0,0.597
mboat7,MADTLRYWAS,Mouse,1,0.2,0.2,0.0,0.0,0.0,0.0,0.0,0.2,0.0,0.0,0.0,0.0,0.0,0.2,0.0,0.2,0.2,0.0,0.0,0.0,0.2,0.0,0.0,0.2,0.2,0.0,0.0,0.0,0.0,0.0,0.0,0.0,0.2,0.0,0.0,0.0,0.0,0.0,0.0,0.0,10.0,0.52,0.5855983445232381,0.0,0.553
mboat7,FTDTYRYWQS,Frog,1,0.0,0.0,0.0,0.0,0.0,0.0,0.0,0.0,0.0,0.0,0.0,0.17,0.0,0.17,0.0,0.0,0.17,0.17,0.0,0.0,0.17,0.0,0.17,0.17,0.17,0.0,0.0,0.0,0.0,0.0,0.17,0.0,0.17,0.0,0.0,0.0,0.0,0.0,0.0,0.0,10.0,0.444,0.5950529956919328,0.0,0.562
mboat7,ASDTISYWSS,Fish,1,0.0,0.2,0.0,0.0,0.0,0.0,0.0,0.0,0.0,0.2,0.0,0.0,0.0,0.2,0.0,0.0,0.2,0.0,0.0,0.0,0.6,0.2,0.0,0.2,0.0,0.0,0.0,0.0,0.0,0.0,0.0,0.0,0.2,0.0,0.0,0.0,0.0,0.0,0.0,0.0,10.0,0.465,0.4277928835836546,-1.0,0.074
vma21,LAATLKTLL,Human,1,0.33,0.33,0.0,0.0,0.0,0.0,0.0,1.33,0.0,0.0,0.0,0.0,0.0,0.0,0.0,0.0,0.0,0.0,0.0,0.0,0.0,0.0,0.33,0.33,0.0,0.0,0.33,0.0,0.0,0.0,0.0,0.0,0.0,0.0,0.0,0.0,0.0,0.0,0.0,0.0,9.0,0.772,0.6071787958939998,1.0,0.903
vma21,LASTLKTLL,Mouse,1,0.0,0.33,0.0,0.0,0.0,0.0,0.0,1.33,0.0,0.0,0.0,0.0,0.0,0.0,0.0,0.0,0.0,0.0,0.0,0.0,0.33,0.0,0.33,0.33,0.0,0.0,0.33,0.0,0.0,0.0,0.0,0.0,0.0,0.0,0.0,0.0,0.0,0.0,0.0,0.0,9.0,0.733,0.645849810197174,1.0,0.94
vma21,LTSTLRTLL,Chicken,1,0.0,0.0,0.0,0.0,0.0,0.0,0.0,1.33,0.0,0.0,0.0,0.0,0.0,0.0,0.0,0.0,0.0,0.0,0.0,0.0,0.33,0.0,0.33,0.67,0.33,0.0,0.0,0.0,0.0,0.0,0.0,0.0,0.0,0.0,0.0,0.0,0.0,0.0,0.0,0.0,9.0,0.726,0.6467950966193878,1.0,0.941
vma21,LVATLKTLL,Frog,1,0.33,0.0,0.0,0.0,0.0,0.33,0.0,1.33,0.0,0.0,0.0,0.0,0.0,0.0,0.0,0.0,0.0,0.0,0.0,0.0,0.0,0.0,0.33,0.33,0.0,0.0,0.33,0.0,0.0,0.0,0.0,0.0,0.0,0.0,0.0,0.0,0.0,0.0,0.0,0.0,9.0,0.873,0.6220139418643635,1.0,0.917
vma21,LVSVLKTLL,Fish,1,0.0,0.0,0.0,0.0,0.0,0.67,0.0,1.33,0.0,0.0,0.0,0.0,0.0,0.0,0.0,0.0,0.0,0.0,0.0,0.0,0.33,0.0,0.33,0.0,0.0,0.0,0.33,0.0,0.0,0.0,0.0,0.0,0.0,0.0,0.0,0.0,0.0,0.0,0.0,0.0,9.0,0.941,0.6823030161058958,1.0,0.974
EMC7,VSEFMTRLFS,Human,1,0.0,0.0,0.0,0.0,0.0,0.25,0.0,0.25,0.0,0.0,0.0,0.5,0.0,0.0,0.0,0.25,0.0,0.0,0.0,0.0,0.25,0.25,0.25,0.0,0.25,0.0,0.0,0.0,0.0,0.0,0.0,0.0,0.0,0.0,0.25,0.0,0.0,0.0,0.0,0.0,10.0,0.626,0.6143528938713448,0.0,0.58
EMC7,VSEFMTRLFT,Frog,1,0.0,0.0,0.0,0.0,0.0,0.25,0.0,0.25,0.0,0.0,0.0,0.5,0.0,0.0,0.0,0.25,0.0,0.0,0.0,0.0,0.0,0.25,0.5,0.0,0.25,0.0,0.0,0.0,0.0,0.0,0.0,0.0,0.0,0.0,0.25,0.0,0.0,0.0,0.0,0.0,10.0,0.656,0.5855007755439153,0.0,0.553
EMC7,VSEFMTKLF,Fish,1,0.0,0.0,0.0,0.0,0.0,0.33,0.0,0.33,0.0,0.0,0.0,0.67,0.0,0.0,0.0,0.33,0.0,0.0,0.0,0.0,0.0,0.33,0.33,0.0,0.0,0.0,0.33,0.0,0.0,0.0,0.0,0.0,0.0,0.0,0.33,0.0,0.0,0.0,0.0,0.0,9.0,0.702,0.67674654033099,0.0,0.639
TMX4,LTMSGMAGLFSISGKIWHLHNYFTVT,Human,1,0.08,0.0,0.15,0.08,0.08,0.0,0.0,0.23,0.0,0.15,0.08,0.08,0.0,0.08,0.08,0.08,0.08,0.0,0.0,0.0,0.15,0.08,0.08,0.15,0.0,0.0,0.08,0.0,0.08,0.0,0.0,0.0,0.0,0.0,0.0,0.0,0.08,0.08,0.0,0.0,26.0,0.723,0.20452531343167174,1.0,0.523
TMX4,IVMHGMAGLFHLSGYIRQIHSYLTDT,Chicken,1,0.08,0.0,0.08,0.15,0.0,0.08,0.0,0.23,0.0,0.23,0.08,0.0,0.0,0.0,0.15,0.0,0.08,0.08,0.0,0.0,0.08,0.08,0.08,0.08,0.08,0.0,0.0,0.0,0.0,0.0,0.08,0.0,0.08,0.0,0.0,0.0,0.15,0.08,0.0,0.0,26.0,0.655,0.3121966945077193,0.0,0.295
TMX4,ILMSGMASLFQLSGWMRQLHNYFTGP,Frog,1,0.08,0.0,0.15,0.08,0.0,0.0,0.0,0.31,0.0,0.08,0.08,0.08,0.0,0.08,0.15,0.08,0.08,0.0,0.0,0.0,0.08,0.15,0.08,0.0,0.08,0.0,0.0,0.0,0.08,0.0,0.15,0.0,0.0,0.0,0.0,0.0,0.0,0.08,0.0,0.08,26.0,0.705,0.3222013431945354,1.0,0.634
TMX4,LLMSGMAHLFRLSVWIRQIHTYLTNT,Fish,1,0.08,0.0,0.0,0.08,0.08,0.0,0.0,0.38,0.0,0.15,0.08,0.0,0.0,0.08,0.15,0.0,0.08,0.0,0.0,0.0,0.08,0.08,0.15,0.08,0.15,0.0,0.0,0.0,0.08,0.0,0.08,0.0,0.0,0.0,0.0,0.0,0.0,0.15,0.0,0.0,26.0,0.739,0.28902332814491866,2.0,0.933
Emc1,FLKRLSSQLILLQAWTSHLWKMFY,Human,1,0.08,0.0,0.0,0.0,0.0,0.0,0.08,0.42,0.08,0.0,0.0,0.17,0.0,0.17,0.08,0.0,0.08,0.0,0.0,0.0,0.25,0.0,0.0,0.08,0.08,0.0,0.17,0.0,0.0,0.0,0.0,0.17,0.0,0.0,0.0,0.0,0.08,0.0,0.0,0.0,24.0,0.809,0.4434415930313395,3.0,1.409
Emc1,FLKRLSSQLILLQAWTAHLWKMFY,Chicken,1,0.17,0.0,0.0,0.0,0.0,0.0,0.08,0.42,0.08,0.0,0.0,0.17,0.0,0.17,0.08,0.0,0.08,0.0,0.0,0.0,0.17,0.0,0.0,0.08,0.08,0.0,0.17,0.0,0.0,0.0,0.0,0.17,0.0,0.0,0.0,0.0,0.08,0.0,0.0,0.0,24.0,0.824,0.4353049856762077,3.0,1.401
Emc1,VLKRLSSQLILLQSWSAHLWKMFC,Frog,1,0.08,0.0,0.0,0.0,0.0,0.08,0.08,0.42,0.08,0.0,0.0,0.08,0.0,0.17,0.08,0.0,0.0,0.0,0.08,0.0,0.25,0.08,0.0,0.0,0.08,0.0,0.17,0.0,0.0,0.0,0.0,0.17,0.0,0.0,0.0,0.0,0.08,0.0,0.0,0.0,24.0,0.797,0.4152548525831186,3.0,1.382
Emc1,VLKRLSSQFILLQAWMAHLWKLFY,Fish,1,0.17,0.0,0.0,0.0,0.0,0.08,0.17,0.33,0.08,0.0,0.0,0.17,0.0,0.17,0.0,0.08,0.08,0.0,0.0,0.0,0.17,0.0,0.0,0.0,0.08,0.0,0.17,0.0,0.0,0.0,0.0,0.17,0.0,0.0,0.0,0.0,0.08,0.0,0.0,0.0,24.0,0.864,0.45406247297072316,3.0,1.419
Fitm2,TLVRAAVRRYL,Human,1,0.17,0.17,0.0,0.0,0.0,0.33,0.17,0.17,0.0,0.0,0.0,0.0,0.0,0.0,0.0,0.0,0.0,0.17,0.0,0.0,0.0,0.0,0.17,0.0,0.5,0.0,0.0,0.0,0.0,0.0,0.0,0.0,0.0,0.0,0.0,0.0,0.0,0.0,0.0,0.0,11.0,0.423,0.3793944867820402,3.0,1.348
Fitm2,TLVRATVRRHL,Mouse,1,0.17,0.0,0.0,0.0,0.0,0.33,0.17,0.17,0.0,0.0,0.0,0.0,0.0,0.0,0.0,0.0,0.0,0.0,0.0,0.0,0.0,0.0,0.17,0.17,0.5,0.0,0.0,0.0,0.0,0.0,0.0,0.0,0.0,0.0,0.0,0.0,0.0,0.17,0.0,0.0,11.0,0.343,0.30329836290600126,3.0,1.276
Fitm2,RLVAAAVRRRL,Chicken,1,0.2,0.4,0.0,0.0,0.0,0.4,0.2,0.2,0.0,0.0,0.0,0.0,0.0,0.0,0.0,0.0,0.0,0.0,0.0,0.0,0.0,0.0,0.0,0.0,0.6,0.2,0.0,0.0,0.0,0.0,0.0,0.0,0.0,0.0,0.0,0.0,0.0,0.0,0.0,0.0,11.0,0.248,0.3069775118055759,4.0,1.61
Fitm2,RFLNEAFRRHC,Frog,1,0.0,0.17,0.0,0.0,0.0,0.0,0.0,0.17,0.0,0.0,0.17,0.17,0.0,0.0,0.0,0.0,0.0,0.0,0.0,0.17,0.0,0.0,0.0,0.0,0.5,0.0,0.0,0.0,0.17,0.0,0.0,0.0,0.0,0.0,0.17,0.0,0.0,0.17,0.0,0.0,11.0,0.272,0.5671952312319849,2.0,1.195
mboat7-2,SLRPLLRRA,Human,1,0.0,0.25,0.0,0.0,0.0,0.0,0.0,0.75,0.0,0.0,0.0,0.0,0.0,0.0,0.0,0.0,0.0,0.0,0.0,0.0,0.0,0.25,0.0,0.0,0.75,0.0,0.0,0.0,0.0,0.0,0.0,0.0,0.0,0.0,0.0,0.0,0.0,0.0,0.25,0.0,9.0,0.34,0.5711344618657546,3.0,1.529
mboat7-2,SWKPLVTRL,Frog,1,0.0,0.0,0.0,0.0,0.0,0.25,0.0,0.5,0.0,0.0,0.0,0.0,0.0,0.25,0.0,0.0,0.0,0.0,0.0,0.0,0.0,0.25,0.25,0.0,0.25,0.0,0.25,0.0,0.0,0.0,0.0,0.0,0.0,0.0,0.0,0.0,0.0,0.0,0.25,0.0,9.0,0.646,0.6244205899393429,2.0,1.249
mboat7-2,GKEPCLQRL,Fish,1,0.0,0.0,0.0,0.25,0.0,0.0,0.0,0.5,0.0,0.0,0.0,0.0,0.0,0.0,0.0,0.0,0.0,0.0,0.0,0.25,0.0,0.0,0.0,0.0,0.25,0.0,0.0,0.25,0.0,0.0,0.25,0.0,0.0,0.0,0.25,0.0,0.0,0.0,0.25,0.0,9.0,0.311,0.3278153272672099,1.0,0.639
SGPP1,MSLGQRLALLASRLQ,Human,2,0.12,0.12,0.0,0.12,0.0,0.0,0.12,0.5,0.0,0.0,0.0,0.0,0.0,0.0,0.12,0.0,0.0,0.0,0.0,0.0,0.25,0.0,0.0,0.0,0.25,0.0,0.0,0.0,0.0,0.0,0.12,0.12,0.0,0.0,0.0,0.0,0.0,0.0,0.0,0.0,15.0,0.521,0.29132431949976395,2.0,0.935
SGPP1,MSLRQRLAQLVGRLQ,Mouse,2,0.12,0.0,0.12,0.0,0.0,0.12,0.0,0.5,0.0,0.0,0.0,0.0,0.0,0.0,0.12,0.0,0.0,0.0,0.0,0.0,0.12,0.0,0.0,0.0,0.25,0.12,0.0,0.0,0.0,0.0,0.25,0.12,0.0,0.0,0.0,0.0,0.0,0.0,0.0,0.0,15.0,0.389,0.41997272648704775,3.0,1.386
SGPP1,MAVCRRLARLAANLQ,Chicken,2,0.29,0.29,0.0,0.0,0.0,0.14,0.0,0.43,0.0,0.0,0.0,0.0,0.0,0.0,0.14,0.0,0.0,0.0,0.0,0.14,0.0,0.0,0.0,0.0,0.43,0.0,0.0,0.0,0.14,0.0,0.0,0.14,0.0,0.0,0.0,0.0,0.0,0.0,0.0,0.0,15.0,0.432,0.4938411579667315,3.0,1.456
SGPP1,MGSGWRRVCDSLQ,Frog,2,0.0,0.0,0.0,0.33,0.0,0.17,0.0,0.17,0.0,0.0,0.0,0.0,0.0,0.17,0.0,0.17,0.0,0.0,0.0,0.17,0.33,0.0,0.0,0.0,0.33,0.0,0.0,0.0,0.0,0.0,0.17,0.0,0.17,0.0,0.0,0.0,0.0,0.0,0.0,0.0,13.0,0.373,0.6742460535999351,1.0,0.966
SGPP1,MAGGIKAGFVRLLHYLQ,Fish,2,0.12,0.12,0.25,0.12,0.12,0.0,0.0,0.38,0.0,0.12,0.0,0.12,0.0,0.0,0.0,0.12,0.12,0.0,0.0,0.0,0.0,0.0,0.0,0.0,0.12,0.0,0.0,0.12,0.0,0.0,0.12,0.0,0.0,0.0,0.0,0.0,0.12,0.0,0.0,0.0,17.0,0.625,0.4447281455384318,2.0,1.08
WFS1,WRSTVHGAVKFAFDFFFF,Human,2,0.0,0.22,0.11,0.0,0.0,0.22,0.0,0.0,0.0,0.0,0.33,0.33,0.0,0.11,0.0,0.0,0.0,0.0,0.0,0.0,0.11,0.0,0.0,0.11,0.11,0.0,0.11,0.0,0.0,0.0,0.0,0.0,0.11,0.0,0.0,0.0,0.11,0.0,0.0,0.0,18.0,0.757,0.30586617765921287,1.0,0.619
WFS1,WRSTVHGALKFAFDFFFF,Mouse,2,0.0,0.22,0.11,0.0,0.0,0.11,0.0,0.11,0.0,0.0,0.33,0.33,0.0,0.11,0.0,0.0,0.0,0.0,0.0,0.0,0.11,0.0,0.0,0.11,0.11,0.0,0.11,0.0,0.0,0.0,0.0,0.0,0.11,0.0,0.0,0.0,0.11,0.0,0.0,0.0,18.0,0.784,0.31343507251800906,1.0,0.626
WFS1,WRSTVHKAIKFVFDFFFF,Chicken,2,0.0,0.11,0.0,0.0,0.0,0.22,0.0,0.0,0.0,0.11,0.44,0.22,0.0,0.11,0.0,0.0,0.0,0.0,0.0,0.0,0.11,0.0,0.0,0.11,0.0,0.11,0.22,0.0,0.0,0.0,0.0,0.0,0.11,0.0,0.0,0.0,0.11,0.0,0.0,0.0,18.0,0.785,0.40349600704142013,2.0,1.041
WFS1,WRRDVHTALKFAFDFFFS,Frog,2,0.0,0.22,0.0,0.0,0.0,0.11,0.0,0.11,0.0,0.0,0.22,0.33,0.0,0.11,0.0,0.0,0.0,0.0,0.0,0.0,0.11,0.0,0.11,0.0,0.11,0.11,0.11,0.0,0.0,0.0,0.0,0.0,0.22,0.0,0.0,0.0,0.11,0.0,0.0,0.0,18.0,0.586,0.3982518145008975,1.0,0.706
WFS1,WRVNARNALAFAFNFVFH,Fish,2,0.11,0.33,0.0,0.0,0.11,0.11,0.0,0.11,0.0,0.0,0.33,0.11,0.0,0.11,0.0,0.0,0.0,0.0,0.0,0.0,0.0,0.0,0.0,0.0,0.11,0.11,0.0,0.0,0.22,0.11,0.0,0.0,0.0,0.0,0.0,0.0,0.11,0.0,0.0,0.0,18.0,0.617,0.18477205858199391,2.0,0.834
SCAI,RGLWEKCQEYLRKINRDIAQLLTH,Human,2,0.08,0.0,0.08,0.0,0.0,0.0,0.0,0.31,0.0,0.15,0.0,0.0,0.0,0.08,0.0,0.0,0.0,0.08,0.0,0.08,0.0,0.0,0.08,0.0,0.23,0.0,0.15,0.0,0.0,0.08,0.15,0.0,0.0,0.08,0.15,0.0,0.08,0.0,0.0,0.0,24.0,0.323,0.6308410406257299,2.0,1.256
SCAI,RGLWEKCQDYLRKINRDIAQLLTH,Chicken,2,0.08,0.0,0.08,0.0,0.0,0.0,0.0,0.31,0.0,0.15,0.0,0.0,0.0,0.08,0.0,0.0,0.0,0.08,0.0,0.08,0.0,0.0,0.08,0.0,0.23,0.0,0.15,0.0,0.0,0.08,0.15,0.0,0.08,0.08,0.08,0.0,0.08,0.0,0.0,0.0,24.0,0.317,0.6361417878366163,2.0,1.261
SCAI,KGLWEKCQDHVRKINRDIAQLLTH,Frog,2,0.08,0.0,0.08,0.0,0.0,0.08,0.0,0.23,0.0,0.15,0.0,0.0,0.0,0.08,0.0,0.0,0.0,0.0,0.0,0.08,0.0,0.0,0.08,0.0,0.15,0.0,0.23,0.0,0.0,0.08,0.08,0.08,0.15,0.0,0.08,0.0,0.08,0.08,0.0,0.0,24.0,0.264,0.6063931113599433,2.0,1.232
SCAI,YGLWEKAQELLRKVFHDIGQMITS,Fish,2,0.0,0.08,0.15,0.0,0.0,0.08,0.0,0.23,0.0,0.15,0.0,0.08,0.0,0.08,0.0,0.08,0.08,0.0,0.0,0.0,0.08,0.0,0.08,0.0,0.08,0.0,0.15,0.0,0.0,0.0,0.08,0.08,0.08,0.0,0.15,0.0,0.08,0.0,0.0,0.0,24.0,0.472,0.5503030806189168,0.0,0.519
Rnf170,IMERIMDLPTLLRHAFREVFSV,Human,2,0.0,0.1,0.0,0.0,0.0,0.2,0.1,0.2,0.0,0.2,0.0,0.2,0.0,0.0,0.1,0.1,0.0,0.0,0.0,0.0,0.1,0.0,0.1,0.0,0.2,0.1,0.0,0.0,0.0,0.0,0.0,0.0,0.1,0.0,0.2,0.0,0.1,0.0,0.0,0.1,22.0,0.613,0.5161269601213732,0.0,0.487
Rnf170,IMERIMDLPTLLRHAFREMFSV,Mouse,2,0.0,0.1,0.0,0.0,0.0,0.1,0.1,0.2,0.0,0.2,0.0,0.2,0.0,0.0,0.1,0.2,0.0,0.0,0.0,0.0,0.1,0.0,0.1,0.0,0.2,0.1,0.0,0.0,0.0,0.0,0.0,0.0,0.1,0.0,0.2,0.0,0.1,0.0,0.0,0.1,22.0,0.613,0.5165278971141406,0.0,0.488
Rnf170,LMDRIMDLPTLLRHAFREMFSV,Frog,2,0.0,0.1,0.0,0.0,0.0,0.1,0.1,0.3,0.0,0.1,0.0,0.2,0.0,0.0,0.1,0.2,0.0,0.0,0.0,0.0,0.1,0.0,0.1,0.0,0.2,0.1,0.0,0.0,0.0,0.0,0.0,0.0,0.2,0.0,0.1,0.0,0.1,0.0,0.0,0.1,22.0,0.603,0.5183699314024233,0.0,0.489
PEDS1,FWRRLEDLIQGLT,Human,2,0.0,0.0,0.17,0.0,0.0,0.0,0.0,0.5,0.0,0.17,0.0,0.17,0.0,0.17,0.0,0.0,0.0,0.0,0.0,0.0,0.0,0.0,0.0,0.17,0.33,0.0,0.0,0.0,0.0,0.0,0.17,0.0,0.17,0.0,0.17,0.0,0.0,0.0,0.0,0.0,13.0,0.581,0.7845991380828778,0.0,0.741
PEDS1,FWRNLEDLIQSLT,Fish,2,0.0,0.0,0.0,0.0,0.0,0.0,0.0,0.5,0.0,0.17,0.0,0.17,0.0,0.17,0.0,0.0,0.0,0.0,0.0,0.0,0.17,0.0,0.0,0.17,0.17,0.0,0.0,0.0,0.17,0.0,0.17,0.0,0.17,0.0,0.17,0.0,0.0,0.0,0.0,0.0,13.0,0.609,0.7803445862747866,-1.0,0.407
Lemd3,FWCRFRRAFVTVTHR,Human,2,0.12,0.0,0.0,0.0,0.12,0.12,0.0,0.0,0.0,0.0,0.0,0.38,0.0,0.12,0.0,0.0,0.0,0.0,0.12,0.0,0.0,0.0,0.12,0.12,0.38,0.12,0.0,0.0,0.0,0.0,0.0,0.0,0.0,0.0,0.0,0.0,0.12,0.0,0.0,0.0,15.0,0.568,0.4505088790793712,4.0,1.745
Lemd3,FWCRFRRAFITVTHR,Mouse,2,0.12,0.0,0.0,0.0,0.0,0.12,0.0,0.0,0.12,0.0,0.0,0.38,0.0,0.12,0.0,0.0,0.0,0.0,0.12,0.0,0.0,0.0,0.12,0.12,0.38,0.12,0.0,0.0,0.0,0.0,0.0,0.0,0.0,0.0,0.0,0.0,0.12,0.0,0.0,0.0,15.0,0.607,0.44255670276275344,4.0,1.738
Lemd3,FRCRFRRAFISVTHR,Chicken,2,0.0,0.14,0.0,0.0,0.0,0.14,0.0,0.0,0.14,0.0,0.0,0.43,0.0,0.0,0.0,0.0,0.0,0.0,0.14,0.0,0.14,0.0,0.0,0.14,0.43,0.29,0.0,0.0,0.0,0.0,0.0,0.0,0.0,0.0,0.0,0.0,0.14,0.0,0.0,0.0,15.0,0.369,0.2647273175539985,5.0,1.9
Lemd3,FMCRIRRAVITVAHR,Frog,2,0.12,0.12,0.0,0.0,0.0,0.25,0.0,0.0,0.12,0.12,0.0,0.12,0.0,0.0,0.0,0.12,0.0,0.0,0.12,0.0,0.0,0.0,0.12,0.0,0.38,0.12,0.0,0.0,0.0,0.0,0.0,0.0,0.0,0.0,0.0,0.0,0.12,0.0,0.0,0.0,15.0,0.505,0.3441264739596771,4.0,1.645
Lemd3,FFCRFRRAFFTVIYR,Fish,2,0.12,0.0,0.0,0.0,0.0,0.12,0.0,0.0,0.0,0.12,0.12,0.5,0.0,0.0,0.0,0.0,0.12,0.0,0.12,0.0,0.0,0.0,0.12,0.0,0.38,0.12,0.0,0.0,0.0,0.0,0.0,0.0,0.0,0.0,0.0,0.0,0.0,0.0,0.0,0.0,15.0,0.733,0.4599734861101128,4.0,1.754
CPT1C,VLQEIYLSGLRSWKRHLSRFWND,Human,2,0.0,0.0,0.0,0.08,0.08,0.0,0.08,0.25,0.08,0.0,0.0,0.08,0.0,0.17,0.0,0.0,0.0,0.08,0.0,0.0,0.25,0.0,0.0,0.0,0.25,0.0,0.0,0.08,0.08,0.0,0.0,0.08,0.08,0.0,0.08,0.0,0.0,0.08,0.0,0.0,23.0,0.471,0.5203040812103944,2.0,1.151
CPT1C,VWQEIYLCALRSWKRHLWRVWND,Mouse,2,0.0,0.08,0.0,0.0,0.08,0.08,0.08,0.17,0.08,0.0,0.0,0.0,0.08,0.25,0.0,0.0,0.0,0.08,0.08,0.0,0.08,0.0,0.0,0.0,0.25,0.0,0.0,0.08,0.08,0.0,0.0,0.08,0.08,0.0,0.08,0.0,0.0,0.08,0.0,0.0,23.0,0.652,0.4093399279122072,2.0,1.046
ESYT2,FICQFIEKLFRETIEPAVR,Human,2,0.0,0.1,0.0,0.0,0.1,0.0,0.0,0.1,0.0,0.3,0.2,0.1,0.0,0.0,0.0,0.0,0.0,0.0,0.0,0.1,0.0,0.0,0.0,0.1,0.2,0.0,0.1,0.0,0.0,0.0,0.1,0.0,0.0,0.0,0.3,0.0,0.0,0.0,0.0,0.1,19.0,0.598,0.4546350418386472,0.0,0.429
ESYT2,YICQFIEKLFRETIEPAVR,Frog,2,0.0,0.1,0.0,0.0,0.1,0.0,0.0,0.1,0.0,0.3,0.1,0.1,0.0,0.0,0.0,0.0,0.1,0.0,0.0,0.1,0.0,0.0,0.0,0.1,0.2,0.0,0.1,0.0,0.0,0.0,0.1,0.0,0.0,0.0,0.3,0.0,0.0,0.0,0.0,0.1,19.0,0.555,0.48656987034633614,0.0,0.459
ESYT2,YVCQFVDKLFKETIEPAIK,Fish,2,0.0,0.1,0.0,0.0,0.0,0.2,0.0,0.1,0.1,0.1,0.1,0.1,0.0,0.0,0.0,0.0,0.1,0.0,0.0,0.1,0.0,0.0,0.0,0.1,0.0,0.0,0.3,0.0,0.0,0.0,0.1,0.0,0.1,0.0,0.2,0.0,0.0,0.0,0.0,0.1,19.0,0.519,0.41784927389987514,0.0,0.394
TMEM260,QADILGALKHLRKELQSLRNRK,Human,3,0.09,0.09,0.09,0.0,0.0,0.0,0.09,0.36,0.0,0.09,0.0,0.0,0.0,0.0,0.0,0.0,0.0,0.0,0.0,0.0,0.09,0.0,0.0,0.0,0.09,0.18,0.18,0.09,0.09,0.0,0.09,0.09,0.09,0.0,0.0,0.09,0.09,0.0,0.0,0.0,22.0,0.116,0.36388681493050323,4.0,1.664
TMEM260,RADIIAALKHLRRELQSLRNIK,Mouse,3,0.2,0.1,0.0,0.0,0.0,0.0,0.0,0.4,0.1,0.2,0.0,0.0,0.0,0.0,0.0,0.0,0.0,0.0,0.0,0.0,0.1,0.0,0.0,0.0,0.2,0.2,0.1,0.1,0.1,0.0,0.1,0.0,0.0,0.1,0.0,0.1,0.1,0.0,0.0,0.0,22.0,0.226,0.3333644631438411,4.0,1.635
TMEM260,RQDILQAVNHLQKELQGLRGMK,Chicken,3,0.0,0.1,0.2,0.0,0.0,0.1,0.1,0.3,0.0,0.1,0.0,0.0,0.0,0.0,0.0,0.1,0.0,0.0,0.0,0.0,0.0,0.0,0.0,0.0,0.0,0.2,0.1,0.1,0.1,0.0,0.4,0.0,0.0,0.1,0.0,0.1,0.1,0.0,0.0,0.0,22.0,0.209,0.31408013244123384,2.0,0.956
TMEM260,RAAIFQAVTYLKEELVRLKKIK,Frog,3,0.1,0.2,0.0,0.0,0.1,0.1,0.0,0.3,0.0,0.2,0.1,0.0,0.0,0.0,0.0,0.0,0.1,0.0,0.0,0.0,0.0,0.0,0.1,0.0,0.1,0.1,0.2,0.2,0.0,0.0,0.1,0.0,0.0,0.0,0.1,0.1,0.0,0.0,0.0,0.0,22.0,0.345,0.2633984844050461,4.0,1.569
TMEM260,SKAIRSIITHLRKEREKFRDRQ,Fish,3,0.0,0.1,0.0,0.0,0.0,0.0,0.0,0.1,0.0,0.3,0.0,0.1,0.0,0.0,0.0,0.0,0.0,0.0,0.0,0.0,0.1,0.1,0.1,0.0,0.2,0.3,0.3,0.0,0.0,0.0,0.0,0.1,0.1,0.0,0.1,0.1,0.1,0.0,0.0,0.0,22.0,-0.035,0.45188142535885356,5.0,2.077
NDUFB5,HPISRWIARNFY,Human,3,0.17,0.0,0.0,0.0,0.0,0.0,0.0,0.0,0.0,0.33,0.0,0.17,0.0,0.17,0.0,0.0,0.17,0.0,0.0,0.0,0.0,0.17,0.0,0.0,0.33,0.0,0.0,0.0,0.0,0.17,0.0,0.0,0.0,0.0,0.0,0.0,0.17,0.0,0.17,0.0,12.0,0.592,0.373811842849819,2.0,1.013
NDUFB5,HPISRWIARYLL,Chicken,3,0.17,0.0,0.0,0.0,0.0,0.0,0.17,0.17,0.0,0.33,0.0,0.0,0.0,0.17,0.0,0.0,0.0,0.17,0.0,0.0,0.0,0.17,0.0,0.0,0.33,0.0,0.0,0.0,0.0,0.0,0.0,0.0,0.0,0.0,0.0,0.0,0.17,0.0,0.17,0.0,12.0,0.776,0.41195011830165407,2.0,1.049
NDUFB5,HPITRWLCRNLF,Frog,3,0.0,0.0,0.0,0.0,0.0,0.0,0.0,0.33,0.0,0.17,0.17,0.0,0.17,0.0,0.0,0.0,0.0,0.0,0.0,0.17,0.0,0.0,0.0,0.17,0.33,0.0,0.0,0.0,0.0,0.17,0.0,0.0,0.0,0.0,0.0,0.0,0.17,0.0,0.17,0.0,12.0,0.773,0.29587884512887713,2.0,0.939
NDUFB5,HPITRWIARYVY,Fish,3,0.17,0.0,0.0,0.0,0.0,0.17,0.0,0.0,0.0,0.33,0.0,0.0,0.0,0.17,0.0,0.0,0.17,0.17,0.0,0.0,0.0,0.0,0.0,0.17,0.33,0.0,0.0,0.0,0.0,0.0,0.0,0.0,0.0,0.0,0.0,0.0,0.17,0.0,0.17,0.0,12.0,0.699,0.4576553584507359,2.0,1.092
WFS1-2,FFIGDWMRCLY,Human,3,0.0,0.0,0.2,0.0,0.0,0.0,0.0,0.2,0.0,0.2,0.2,0.2,0.0,0.2,0.0,0.2,0.2,0.0,0.0,0.2,0.0,0.0,0.0,0.0,0.2,0.0,0.0,0.0,0.0,0.0,0.0,0.0,0.2,0.0,0.0,0.0,0.0,0.0,0.0,0.0,11.0,1.025,0.5181474125721869,0.0,0.489
WFS1-2,FFLGDWMRCLY,Mouse,3,0.0,0.0,0.2,0.0,0.0,0.0,0.0,0.4,0.0,0.0,0.2,0.2,0.0,0.2,0.0,0.2,0.2,0.0,0.0,0.2,0.0,0.0,0.0,0.0,0.2,0.0,0.0,0.0,0.0,0.0,0.0,0.0,0.2,0.0,0.0,0.0,0.0,0.0,0.0,0.0,11.0,1.016,0.5112173541908578,0.0,0.483
WFS1-2,LFIGDWMRCLY,Chicken,3,0.0,0.0,0.2,0.0,0.0,0.0,0.2,0.2,0.0,0.2,0.0,0.2,0.0,0.2,0.0,0.2,0.2,0.0,0.0,0.2,0.0,0.0,0.0,0.0,0.2,0.0,0.0,0.0,0.0,0.0,0.0,0.0,0.2,0.0,0.0,0.0,0.0,0.0,0.0,0.0,11.0,1.017,0.5258429810695436,0.0,0.496
WFS1-2,LLIGNWMRCLY,Frog,3,0.0,0.0,0.2,0.0,0.0,0.0,0.2,0.4,0.0,0.2,0.0,0.0,0.0,0.2,0.0,0.2,0.2,0.0,0.0,0.2,0.0,0.0,0.0,0.0,0.2,0.0,0.0,0.0,0.2,0.0,0.0,0.0,0.0,0.0,0.0,0.0,0.0,0.0,0.0,0.0,11.0,1.025,0.5140298883602555,1.0,0.815
WFS1-2,VLIADWVRCLY,Fish,3,0.2,0.0,0.0,0.0,0.2,0.2,0.0,0.4,0.0,0.2,0.0,0.0,0.0,0.2,0.0,0.0,0.2,0.0,0.0,0.2,0.0,0.0,0.0,0.0,0.2,0.0,0.0,0.0,0.0,0.0,0.0,0.0,0.2,0.0,0.0,0.0,0.0,0.0,0.0,0.0,11.0,0.993,0.5426293628409836,0.0,0.512
TMEM245,FKSSLTRLGRHWLQRLHR,Human,3,0.0,0.0,0.0,0.11,0.0,0.0,0.0,0.44,0.0,0.0,0.0,0.11,0.0,0.11,0.0,0.0,0.0,0.0,0.0,0.0,0.22,0.0,0.11,0.0,0.33,0.11,0.0,0.11,0.0,0.0,0.11,0.0,0.0,0.0,0.0,0.0,0.22,0.0,0.0,0.0,18.0,0.335,0.5472635634987176,5.0,2.167
TMEM245,FKSSLTRLGRLWLRRLHR,Mouse,3,0.0,0.0,0.0,0.11,0.0,0.0,0.11,0.44,0.0,0.0,0.0,0.11,0.0,0.11,0.0,0.0,0.0,0.0,0.0,0.0,0.22,0.0,0.11,0.0,0.44,0.11,0.0,0.11,0.0,0.0,0.0,0.0,0.0,0.0,0.0,0.0,0.11,0.0,0.0,0.0,18.0,0.378,0.5555462253291769,6.0,2.504
TMEM245,FKSSLTALGRRWLGRLQR,Chicken,3,0.11,0.0,0.11,0.11,0.0,0.0,0.0,0.44,0.0,0.0,0.0,0.11,0.0,0.11,0.0,0.0,0.0,0.0,0.0,0.0,0.22,0.0,0.11,0.0,0.33,0.11,0.0,0.11,0.0,0.0,0.11,0.0,0.0,0.0,0.0,0.0,0.0,0.0,0.0,0.0,18.0,0.338,0.5071877766411335,5.0,2.129
TMEM245,FKTSLTGVGRRWLIRLQR,Frog,3,0.0,0.0,0.11,0.11,0.0,0.11,0.0,0.33,0.11,0.0,0.0,0.11,0.0,0.11,0.0,0.0,0.0,0.0,0.0,0.0,0.11,0.0,0.22,0.0,0.33,0.11,0.0,0.11,0.0,0.0,0.11,0.0,0.0,0.0,0.0,0.0,0.0,0.0,0.0,0.0,18.0,0.411,0.39523573239598875,5.0,2.023
TMEM245,FKYSLARLGRSWLSGLQD,Fish,3,0.11,0.0,0.0,0.22,0.0,0.0,0.0,0.44,0.0,0.0,0.0,0.11,0.0,0.11,0.0,0.0,0.11,0.0,0.0,0.0,0.33,0.0,0.0,0.0,0.22,0.0,0.0,0.11,0.0,0.0,0.11,0.0,0.11,0.0,0.0,0.0,0.0,0.0,0.0,0.0,18.0,0.444,0.5032549555874251,2.0,1.135
TMEM126A,NILSYWIRTSKPVFRKMLFPILL,Human,3,0.0,0.0,0.0,0.0,0.0,0.08,0.25,0.08,0.0,0.25,0.08,0.08,0.0,0.08,0.0,0.08,0.08,0.0,0.0,0.0,0.08,0.08,0.0,0.08,0.17,0.0,0.17,0.0,0.08,0.0,0.0,0.0,0.0,0.0,0.0,0.0,0.0,0.0,0.08,0.08,23.0,0.803,0.32822551489491547,4.0,1.63
TMEM126A,NIFNYWITVSKPVFRKMLFPTLL,Mouse,3,0.0,0.0,0.0,0.0,0.0,0.17,0.25,0.0,0.08,0.08,0.08,0.17,0.0,0.08,0.0,0.08,0.08,0.0,0.0,0.0,0.0,0.08,0.08,0.08,0.08,0.0,0.08,0.08,0.17,0.0,0.0,0.0,0.0,0.0,0.0,0.0,0.0,0.0,0.08,0.08,23.0,0.812,0.2548915176387842,3.0,1.231
TMEM126A,NLLRFWLSVSQPVFRKMRFGVLI,Chicken,3,0.0,0.0,0.0,0.08,0.0,0.25,0.17,0.17,0.08,0.0,0.17,0.08,0.0,0.08,0.0,0.08,0.0,0.0,0.0,0.0,0.08,0.08,0.0,0.0,0.25,0.0,0.0,0.08,0.08,0.0,0.08,0.0,0.0,0.0,0.0,0.0,0.0,0.0,0.08,0.0,23.0,0.735,0.30332272682023304,4.0,1.606
TMEM126A,NILRFWTTVSRPVLRKMSFVLIL,Frog,3,0.0,0.0,0.0,0.0,0.0,0.27,0.09,0.27,0.09,0.09,0.09,0.09,0.0,0.09,0.0,0.09,0.0,0.0,0.0,0.0,0.09,0.09,0.18,0.0,0.27,0.0,0.0,0.09,0.09,0.0,0.0,0.0,0.0,0.0,0.0,0.0,0.0,0.0,0.09,0.0,23.0,0.768,0.37114791832138616,4.0,1.67
NEMP1,IQLVFKNLQEIWRC,Human,3,0.0,0.0,0.0,0.0,0.0,0.14,0.14,0.14,0.0,0.29,0.0,0.14,0.0,0.14,0.0,0.0,0.0,0.0,0.14,0.0,0.0,0.0,0.0,0.0,0.14,0.0,0.14,0.0,0.0,0.14,0.29,0.0,0.0,0.0,0.14,0.0,0.0,0.0,0.0,0.0,14.0,0.723,0.6078897579106425,1.0,0.904
NEMP1,IQLVFKNLQEIWRS,Mouse,3,0.0,0.0,0.0,0.0,0.0,0.12,0.12,0.12,0.0,0.25,0.0,0.12,0.0,0.12,0.0,0.0,0.0,0.0,0.0,0.0,0.12,0.0,0.0,0.0,0.12,0.0,0.12,0.0,0.12,0.0,0.25,0.0,0.0,0.0,0.12,0.0,0.0,0.0,0.0,0.0,14.0,0.61,0.6519869421871328,1.0,0.945
NEMP1,LQLVFKNLREICKS,Chicken,3,0.0,0.0,0.0,0.0,0.0,0.14,0.14,0.29,0.0,0.14,0.0,0.14,0.0,0.0,0.0,0.0,0.0,0.0,0.0,0.14,0.14,0.0,0.0,0.0,0.14,0.0,0.29,0.0,0.0,0.14,0.14,0.0,0.0,0.0,0.14,0.0,0.0,0.0,0.0,0.0,14.0,0.497,0.6255125622899161,2.0,1.25
NEMP1,IQLVFKNLQAICTE,Frog,3,0.12,0.0,0.0,0.0,0.0,0.12,0.12,0.12,0.0,0.25,0.0,0.12,0.0,0.0,0.0,0.0,0.0,0.0,0.0,0.12,0.0,0.0,0.12,0.0,0.0,0.0,0.12,0.0,0.12,0.0,0.25,0.0,0.0,0.0,0.12,0.0,0.0,0.0,0.0,0.0,14.0,0.675,0.5009275031745127,0.0,0.473
NEMP1,IQLVFRNLQVILTD,Fish,3,0.0,0.0,0.0,0.0,0.12,0.12,0.12,0.25,0.0,0.25,0.0,0.12,0.0,0.0,0.0,0.0,0.0,0.0,0.0,0.0,0.0,0.0,0.12,0.0,0.12,0.0,0.0,0.0,0.12,0.0,0.25,0.0,0.12,0.0,0.0,0.0,0.0,0.0,0.0,0.0,14.0,0.741,0.45445573903521014,0.0,0.429
NEMP1,EHPIQWLYITCRKVCKG,Human,3,0.0,0.0,0.0,0.11,0.0,0.11,0.0,0.11,0.11,0.11,0.0,0.0,0.11,0.0,0.0,0.0,0.11,0.0,0.0,0.22,0.0,0.0,0.0,0.11,0.11,0.0,0.22,0.0,0.0,0.0,0.11,0.0,0.0,0.0,0.11,0.0,0.11,0.0,0.0,0.11,17.0,0.592,0.37280621403737635,2.0,1.012
NEMP1-2,EYPIHWLCSTYRRMCKA,Mouse,3,0.0,0.11,0.0,0.0,0.0,0.0,0.0,0.11,0.0,0.11,0.0,0.0,0.11,0.0,0.0,0.11,0.11,0.11,0.11,0.11,0.11,0.0,0.0,0.11,0.22,0.0,0.11,0.0,0.0,0.0,0.0,0.0,0.0,0.0,0.11,0.0,0.11,0.0,0.0,0.11,17.0,0.571,0.39063206990628513,2.0,1.029
NEMP1-2,DYPLQWVYGVYKRVQSA,Chicken,3,0.0,0.11,0.11,0.0,0.0,0.33,0.0,0.11,0.0,0.0,0.0,0.0,0.0,0.11,0.0,0.0,0.22,0.11,0.0,0.0,0.11,0.0,0.0,0.0,0.11,0.0,0.11,0.0,0.0,0.0,0.22,0.0,0.11,0.0,0.0,0.0,0.0,0.0,0.0,0.11,17.0,0.486,0.37420373796496975,1.0,0.683
NEMP1-2,EYPVRWIYILYRKIKLK,Frog,3,0.0,0.0,0.0,0.0,0.11,0.0,0.11,0.11,0.11,0.22,0.0,0.0,0.0,0.11,0.0,0.0,0.22,0.11,0.0,0.0,0.0,0.0,0.0,0.0,0.22,0.0,0.11,0.22,0.0,0.0,0.0,0.0,0.0,0.0,0.11,0.0,0.0,0.0,0.0,0.11,17.0,0.602,0.3255405735732705,4.0,1.627
NEMP1-2,EYPFNTAFMLYHKLKPK,Fish,3,0.0,0.11,0.0,0.0,0.0,0.0,0.0,0.22,0.0,0.0,0.11,0.11,0.0,0.0,0.11,0.0,0.11,0.11,0.0,0.0,0.0,0.0,0.11,0.0,0.0,0.0,0.11,0.22,0.11,0.0,0.0,0.0,0.0,0.0,0.11,0.0,0.11,0.0,0.11,0.11,17.0,0.474,0.17195278323519467,2.0,0.822
Ggcx,EWPRKLVSYCPRRLQQLL,Human,3,0.0,0.0,0.0,0.0,0.0,0.11,0.0,0.44,0.0,0.0,0.0,0.0,0.0,0.11,0.0,0.0,0.11,0.0,0.0,0.11,0.11,0.0,0.0,0.0,0.22,0.11,0.11,0.0,0.0,0.0,0.22,0.0,0.0,0.0,0.11,0.0,0.0,0.0,0.11,0.11,18.0,0.504,0.5628899626698752,3.0,1.521
Ggcx,EWPRKLVARCPKRLQELL,Mouse,3,0.11,0.0,0.0,0.0,0.0,0.11,0.0,0.44,0.0,0.0,0.0,0.0,0.11,0.0,0.0,0.0,0.0,0.0,0.0,0.11,0.0,0.0,0.0,0.0,0.22,0.11,0.22,0.0,0.0,0.0,0.11,0.0,0.0,0.0,0.22,0.0,0.0,0.0,0.0,0.22,18.0,0.392,0.6017108677672156,3.0,1.558
Ggcx,DWPRRLIAKLPRFLHYVL,Frog,3,0.11,0.0,0.0,0.0,0.0,0.11,0.0,0.44,0.0,0.11,0.0,0.11,0.0,0.11,0.0,0.0,0.11,0.0,0.0,0.0,0.0,0.0,0.0,0.0,0.33,0.0,0.11,0.0,0.0,0.0,0.0,0.0,0.11,0.0,0.0,0.0,0.11,0.0,0.11,0.11,18.0,0.662,0.5995547499070651,3.0,1.556
Ggcx,DWPRRFFGHFPEFLQPIL,Fish,3,0.0,0.0,0.11,0.0,0.0,0.0,0.0,0.22,0.0,0.11,0.0,0.44,0.0,0.11,0.0,0.0,0.0,0.0,0.0,0.0,0.0,0.0,0.0,0.0,0.22,0.0,0.0,0.0,0.0,0.0,0.11,0.0,0.11,0.0,0.11,0.0,0.11,0.0,0.22,0.11,18.0,0.736,0.6486760757263917,0.0,0.612
Tor1aip2,SFLWQRGRKFLQK,Human,3,0.0,0.0,0.0,0.12,0.0,0.0,0.0,0.25,0.0,0.0,0.12,0.12,0.0,0.12,0.0,0.0,0.0,0.0,0.0,0.0,0.12,0.0,0.0,0.0,0.25,0.0,0.25,0.0,0.0,0.0,0.25,0.0,0.0,0.0,0.0,0.0,0.0,0.0,0.0,0.0,13.0,0.365,0.4175439498646662,4.0,1.714
Tor1aip2,PDLWLRSRKFLQK,Chicken,3,0.0,0.0,0.0,0.0,0.0,0.0,0.14,0.29,0.0,0.0,0.14,0.0,0.0,0.14,0.0,0.0,0.0,0.0,0.0,0.0,0.0,0.14,0.0,0.0,0.14,0.14,0.29,0.0,0.0,0.0,0.14,0.0,0.14,0.0,0.0,0.0,0.0,0.0,0.0,0.14,13.0,0.372,0.4652525687839106,3.0,1.429
TMEM192,NRGYNLIYRSTRHLKRL,Human,3,0.0,0.0,0.0,0.11,0.0,0.0,0.0,0.33,0.0,0.11,0.0,0.0,0.0,0.0,0.0,0.0,0.11,0.11,0.0,0.0,0.0,0.11,0.0,0.11,0.44,0.0,0.11,0.0,0.22,0.0,0.0,0.0,0.0,0.0,0.0,0.0,0.11,0.0,0.0,0.0,17.0,0.173,0.5130068070238236,5.0,2.134
TMEM192,SRGYSQIYRSTRHLKTL,Mouse,3,0.0,0.0,0.0,0.11,0.0,0.0,0.0,0.22,0.0,0.11,0.0,0.0,0.0,0.0,0.0,0.0,0.11,0.11,0.0,0.0,0.22,0.11,0.11,0.11,0.33,0.0,0.0,0.11,0.0,0.0,0.11,0.0,0.0,0.0,0.0,0.0,0.11,0.0,0.0,0.0,17.0,0.201,0.3728172435569225,4.0,1.672
TMEM192,SRGYFLIYRSTRHLKRL,Chicken,3,0.0,0.0,0.0,0.11,0.0,0.0,0.0,0.33,0.0,0.11,0.11,0.0,0.0,0.0,0.0,0.0,0.11,0.11,0.0,0.0,0.11,0.11,0.0,0.11,0.44,0.0,0.11,0.0,0.0,0.0,0.0,0.0,0.0,0.0,0.0,0.0,0.11,0.0,0.0,0.0,17.0,0.346,0.34650356130427185,5.0,1.977
TMEM192,SRGFLHLYRSTRHLKAL,Frog,3,0.11,0.0,0.0,0.11,0.0,0.0,0.11,0.33,0.0,0.0,0.0,0.11,0.0,0.0,0.0,0.0,0.11,0.0,0.0,0.0,0.11,0.11,0.0,0.11,0.33,0.0,0.0,0.11,0.0,0.0,0.0,0.0,0.0,0.0,0.0,0.0,0.22,0.0,0.0,0.0,17.0,0.369,0.285360603999417,4.0,1.589
TMEM192,RKGYLDFYRTTKGIKSL,Fish,3,0.0,0.0,0.11,0.11,0.0,0.0,0.11,0.11,0.0,0.11,0.0,0.11,0.0,0.0,0.0,0.0,0.11,0.11,0.0,0.0,0.11,0.0,0.0,0.22,0.22,0.0,0.22,0.11,0.0,0.0,0.0,0.0,0.11,0.0,0.0,0.0,0.0,0.0,0.0,0.0,17.0,0.214,0.34357599061363514,4.0,1.644
fam210a,LYQRFKKTFR,Human,3,0.0,0.0,0.0,0.0,0.0,0.0,0.0,0.2,0.0,0.0,0.0,0.4,0.0,0.0,0.0,0.0,0.0,0.2,0.0,0.0,0.0,0.0,0.0,0.2,0.4,0.0,0.4,0.0,0.0,0.0,0.2,0.0,0.0,0.0,0.0,0.0,0.0,0.0,0.0,0.0,10.0,0.228,0.7337574369411513,4.0,2.013
fam210a,LVQRFKKTFK,Chicken,3,0.0,0.0,0.0,0.0,0.0,0.2,0.0,0.2,0.0,0.0,0.0,0.4,0.0,0.0,0.0,0.0,0.0,0.0,0.0,0.0,0.0,0.0,0.0,0.2,0.2,0.0,0.6,0.0,0.0,0.0,0.2,0.0,0.0,0.0,0.0,0.0,0.0,0.0,0.0,0.0,10.0,0.256,0.7465464821645145,4.0,2.025
fam210a,LLKRFKKTFK,Frog,3,0.0,0.0,0.0,0.0,0.0,0.0,0.0,0.4,0.0,0.0,0.0,0.4,0.0,0.0,0.0,0.0,0.0,0.0,0.0,0.0,0.0,0.0,0.0,0.2,0.2,0.0,0.8,0.0,0.0,0.0,0.0,0.0,0.0,0.0,0.0,0.0,0.0,0.0,0.0,0.0,10.0,0.227,0.843788395540783,5.0,2.447
fam210a,LIQRFKKTFK,Fish,3,0.0,0.0,0.0,0.0,0.0,0.0,0.0,0.2,0.0,0.2,0.0,0.4,0.0,0.0,0.0,0.0,0.0,0.0,0.0,0.0,0.0,0.0,0.0,0.2,0.2,0.0,0.6,0.0,0.0,0.0,0.2,0.0,0.0,0.0,0.0,0.0,0.0,0.0,0.0,0.0,10.0,0.314,0.7805558908680562,4.0,2.057
cybc1,RSDVEAIAKLITSFL,Human,3,0.14,0.14,0.0,0.0,0.0,0.14,0.0,0.29,0.0,0.29,0.0,0.14,0.0,0.0,0.0,0.0,0.0,0.0,0.0,0.0,0.29,0.0,0.14,0.0,0.14,0.0,0.14,0.0,0.0,0.0,0.0,0.0,0.0,0.14,0.14,0.0,0.0,0.0,0.0,0.0,15.0,0.493,0.5336722493237918,0.0,0.504
cybc1,RSDVEAVAKLVISFL,Chicken,3,0.14,0.14,0.0,0.0,0.0,0.43,0.0,0.29,0.14,0.0,0.0,0.14,0.0,0.0,0.0,0.0,0.0,0.0,0.0,0.0,0.29,0.0,0.0,0.0,0.14,0.0,0.14,0.0,0.0,0.0,0.0,0.0,0.0,0.14,0.14,0.0,0.0,0.0,0.0,0.0,15.0,0.519,0.40602487879765126,0.0,0.383
cybc1,RSDVEAVAKELTKFL,Frog,3,0.14,0.14,0.0,0.0,0.0,0.29,0.0,0.29,0.0,0.0,0.0,0.14,0.0,0.0,0.0,0.0,0.0,0.0,0.0,0.0,0.14,0.0,0.14,0.0,0.0,0.14,0.29,0.0,0.0,0.0,0.0,0.0,0.0,0.14,0.29,0.0,0.0,0.0,0.0,0.0,15.0,0.229,0.5267236515301039,0.0,0.497
cybc1,RSDVEALAALLKRFL,Fish,3,0.38,0.0,0.0,0.0,0.0,0.12,0.0,0.5,0.0,0.0,0.0,0.12,0.0,0.0,0.0,0.0,0.0,0.0,0.0,0.0,0.12,0.0,0.0,0.0,0.25,0.0,0.12,0.0,0.0,0.0,0.0,0.0,0.0,0.12,0.12,0.0,0.0,0.0,0.0,0.0,15.0,0.419,0.5305180985305483,1.0,0.831
tmem160,WWARAARLARLRFRRSL,Human,3,0.12,0.38,0.0,0.0,0.0,0.0,0.25,0.12,0.0,0.0,0.0,0.12,0.0,0.25,0.0,0.0,0.0,0.0,0.0,0.0,0.0,0.12,0.0,0.0,0.62,0.12,0.0,0.0,0.0,0.0,0.0,0.0,0.0,0.0,0.0,0.0,0.0,0.0,0.0,0.0,17.0,0.384,0.3212806666009569,6.0,2.283
tmem160,WWARVARLARLRFRGSL,Mouse,3,0.12,0.25,0.12,0.0,0.0,0.12,0.25,0.12,0.0,0.0,0.0,0.12,0.0,0.25,0.0,0.0,0.0,0.0,0.0,0.0,0.0,0.12,0.0,0.0,0.5,0.12,0.0,0.0,0.0,0.0,0.0,0.0,0.0,0.0,0.0,0.0,0.0,0.0,0.0,0.0,17.0,0.497,0.3451911167710455,5.0,1.976
tmem160,WLMGSRLSRFVCPFAQLVRQPVLRYV,Fish,3,0.0,0.08,0.0,0.08,0.0,0.31,0.23,0.08,0.0,0.0,0.0,0.15,0.08,0.0,0.0,0.08,0.0,0.08,0.08,0.0,0.08,0.08,0.0,0.0,0.31,0.0,0.0,0.0,0.0,0.0,0.15,0.0,0.0,0.0,0.0,0.0,0.0,0.0,0.08,0.08,26.0,0.709,0.25206721465413795,4.0,1.558
TMEM109,DVLTQIGRSVRGTLDAWI,Human,3,0.11,0.0,0.11,0.11,0.0,0.22,0.0,0.22,0.0,0.22,0.0,0.0,0.0,0.11,0.0,0.0,0.0,0.0,0.0,0.0,0.11,0.0,0.11,0.11,0.22,0.0,0.0,0.0,0.0,0.0,0.11,0.0,0.22,0.0,0.0,0.0,0.0,0.0,0.0,0.0,18.0,0.483,0.5979082605279066,0.0,0.564
TMEM109,DILTQIGRSLKEMLDTWL,Mouse,3,0.0,0.0,0.0,0.11,0.0,0.0,0.11,0.33,0.0,0.22,0.0,0.0,0.0,0.11,0.0,0.11,0.0,0.0,0.0,0.0,0.0,0.11,0.22,0.0,0.11,0.0,0.11,0.0,0.0,0.0,0.11,0.0,0.22,0.0,0.11,0.0,0.0,0.0,0.0,0.0,18.0,0.553,0.7019364941892225,-1.0,0.333
TMEM109,ESLWQLGRTAWASLEGCL,Chicken,3,0.11,0.11,0.11,0.11,0.0,0.0,0.0,0.44,0.0,0.0,0.0,0.0,0.0,0.22,0.0,0.0,0.0,0.0,0.0,0.11,0.22,0.0,0.11,0.0,0.11,0.0,0.0,0.0,0.0,0.0,0.11,0.0,0.0,0.0,0.22,0.0,0.0,0.0,0.0,0.0,18.0,0.618,0.46068997078287954,-1.0,0.105
TMEM109,SIITSLSEEAHSFLVSTI,Fish,3,0.0,0.11,0.0,0.0,0.11,0.0,0.0,0.22,0.0,0.33,0.0,0.11,0.0,0.0,0.0,0.0,0.0,0.0,0.0,0.0,0.44,0.11,0.11,0.11,0.0,0.0,0.0,0.0,0.0,0.0,0.0,0.0,0.0,0.0,0.22,0.0,0.11,0.0,0.0,0.0,18.0,0.627,0.3405630591516351,-2.0,-0.339
AGPAT4,VSAVYDCTLNF,Human,3,0.2,0.0,0.0,0.0,0.0,0.4,0.2,0.0,0.0,0.0,0.0,0.2,0.0,0.0,0.0,0.0,0.0,0.2,0.0,0.2,0.2,0.0,0.0,0.2,0.0,0.0,0.0,0.0,0.2,0.0,0.0,0.0,0.2,0.0,0.0,0.0,0.0,0.0,0.0,0.0,11.0,0.69,0.3996388727059255,-1.0,0.047
AGPAT4,VPAVYDCTLNF,Mouse,3,0.17,0.0,0.0,0.0,0.0,0.33,0.17,0.0,0.0,0.0,0.0,0.17,0.0,0.0,0.0,0.0,0.0,0.17,0.17,0.0,0.0,0.0,0.0,0.17,0.0,0.0,0.0,0.0,0.17,0.0,0.0,0.0,0.17,0.0,0.0,0.0,0.0,0.0,0.17,0.0,11.0,0.759,0.3531056991253236,-1.0,0.003
AGPAT4,VSAVYDSTLNF,Chicken,3,0.17,0.0,0.0,0.0,0.0,0.33,0.17,0.0,0.0,0.0,0.0,0.17,0.0,0.0,0.0,0.0,0.0,0.17,0.0,0.0,0.33,0.0,0.0,0.17,0.0,0.0,0.0,0.0,0.17,0.0,0.0,0.0,0.17,0.0,0.0,0.0,0.0,0.0,0.0,0.0,11.0,0.546,0.4100150028085492,-1.0,0.057
AGPAT4,VTAVYDSTLNF,Fish,3,0.17,0.0,0.0,0.0,0.0,0.33,0.17,0.0,0.0,0.0,0.0,0.17,0.0,0.0,0.0,0.0,0.0,0.17,0.0,0.0,0.17,0.0,0.17,0.17,0.0,0.0,0.0,0.0,0.17,0.0,0.0,0.0,0.17,0.0,0.0,0.0,0.0,0.0,0.0,0.0,11.0,0.574,0.3989321515206196,-1.0,0.047
apmap,LDFLSERPWIKRMIFKL,Human,3,0.0,0.0,0.0,0.0,0.0,0.0,0.22,0.11,0.0,0.22,0.11,0.11,0.11,0.0,0.0,0.11,0.0,0.0,0.0,0.0,0.11,0.0,0.0,0.0,0.11,0.11,0.11,0.11,0.0,0.0,0.0,0.0,0.11,0.0,0.0,0.11,0.0,0.0,0.11,0.0,17.0,0.649,0.17177506073108387,2.0,0.822
apmap,LDFLSDKPFIKRMIFKM,Mouse,3,0.0,0.0,0.0,0.0,0.0,0.0,0.11,0.11,0.0,0.22,0.22,0.11,0.0,0.0,0.11,0.11,0.0,0.0,0.0,0.0,0.11,0.0,0.0,0.0,0.11,0.0,0.11,0.22,0.0,0.0,0.0,0.0,0.11,0.11,0.0,0.0,0.0,0.0,0.11,0.0,17.0,0.588,0.17435436635766066,2.0,0.825
apmap,LDFLSEKPWIKRMIFKL,Chicken,3,0.0,0.0,0.0,0.0,0.0,0.0,0.22,0.11,0.0,0.22,0.11,0.11,0.11,0.0,0.0,0.11,0.0,0.0,0.0,0.0,0.11,0.0,0.0,0.0,0.11,0.0,0.11,0.22,0.0,0.0,0.0,0.0,0.11,0.0,0.0,0.11,0.0,0.0,0.11,0.0,17.0,0.65,0.17276259786965442,2.0,0.823
apmap,IDFLSDKPWIRRNVFKL,Frog,3,0.0,0.0,0.0,0.0,0.0,0.11,0.0,0.22,0.11,0.11,0.0,0.22,0.11,0.0,0.0,0.0,0.0,0.0,0.0,0.0,0.11,0.0,0.0,0.0,0.11,0.11,0.11,0.11,0.11,0.0,0.0,0.0,0.22,0.0,0.0,0.0,0.0,0.0,0.11,0.0,17.0,0.505,0.1660601443951688,2.0,0.817
apmap,LDFLSQRPWLKKLIFKL,Fish,3,0.0,0.0,0.0,0.0,0.0,0.0,0.22,0.33,0.0,0.11,0.11,0.11,0.11,0.0,0.0,0.0,0.0,0.0,0.0,0.0,0.11,0.0,0.0,0.0,0.0,0.11,0.22,0.11,0.0,0.0,0.0,0.11,0.11,0.0,0.0,0.0,0.0,0.0,0.11,0.0,17.0,0.696,0.18277976763080042,3.0,1.163
TMEM68,LWDGARKTVATLWDGHAAVWH,Human,3,0.3,0.1,0.2,0.0,0.0,0.2,0.0,0.2,0.0,0.0,0.0,0.0,0.0,0.3,0.0,0.0,0.0,0.0,0.0,0.0,0.0,0.0,0.1,0.1,0.0,0.1,0.1,0.0,0.0,0.0,0.0,0.0,0.2,0.0,0.0,0.0,0.1,0.1,0.0,0.0,21.0,0.527,0.4893773274097895,0.0,0.462
TMEM68,VWYGAKEMLANLWDGHGRVWH,Chicken,3,0.1,0.1,0.3,0.0,0.0,0.2,0.0,0.2,0.0,0.0,0.0,0.0,0.0,0.3,0.0,0.1,0.1,0.0,0.0,0.0,0.0,0.0,0.0,0.0,0.1,0.0,0.0,0.1,0.1,0.0,0.0,0.0,0.1,0.0,0.1,0.0,0.1,0.1,0.0,0.0,21.0,0.555,0.5248386059931308,0.0,0.495
TMEM68,IWDGARKTLATLWDGHATIWH,Frog,3,0.2,0.1,0.2,0.0,0.0,0.0,0.0,0.2,0.0,0.2,0.0,0.0,0.0,0.3,0.0,0.0,0.0,0.0,0.0,0.0,0.0,0.0,0.2,0.1,0.0,0.1,0.1,0.0,0.0,0.0,0.0,0.0,0.2,0.0,0.0,0.0,0.1,0.1,0.0,0.0,21.0,0.58,0.5298022032378642,0.0,0.5
TMEM68,LWDGARKTLATLWDGHGAIWH,Fish,3,0.2,0.1,0.3,0.0,0.0,0.0,0.0,0.3,0.0,0.1,0.0,0.0,0.0,0.3,0.0,0.0,0.0,0.0,0.0,0.0,0.0,0.0,0.1,0.1,0.0,0.1,0.1,0.0,0.0,0.0,0.0,0.0,0.2,0.0,0.0,0.0,0.1,0.1,0.0,0.0,21.0,0.563,0.5283766661056676,0.0,0.499
