AA_seq,AH,Median,Mean,Organelle,NEES_Response,phil_A,phob_A,phil_G,phob_G,phil_V,phob_V,phil_L,phob_L,phil_I,phob_I,phil_F,phob_F,phil_W,phob_W,phil_M,phob_M,phil_Y,phob_Y,phil_C,phob_C,phil_S,phob_S,phil_T,phob_T,phil_R,phob_R,phil_K,phob_K,phil_N,phob_N,phil_Q,phob_Q,phil_D,phob_D,phil_E,phob_E,phil_H,phob_H,phil_P,phob_P,Length,Hydrophobicity,H_moment,Netcharge,Dfactor
EHPIQWLYITCRKVCKG,nemp1,0.488,0.4955,4,No Response,0.0,0.0,0.0,0.11,0.0,0.11,0.0,0.11,0.11,0.11,0.0,0.0,0.11,0.0,0.0,0.0,0.11,0.0,0.0,0.22,0.0,0.0,0.0,0.11,0.11,0.0,0.22,0.0,0.0,0.0,0.11,0.0,0.0,0.0,0.11,0.0,0.11,0.0,0.0,0.11,17.0,0.592,0.3728062140373763,2.0,1.012
VSEFMTRLFS,emc7,0.8205,0.8141999999999999,1,High Response,0.0,0.0,0.0,0.0,0.0,0.25,0.0,0.25,0.0,0.0,0.0,0.5,0.0,0.0,0.0,0.25,0.0,0.0,0.0,0.0,0.25,0.25,0.25,0.0,0.25,0.0,0.0,0.0,0.0,0.0,0.0,0.0,0.0,0.0,0.25,0.0,0.0,0.0,0.0,0.0,10.0,0.626,0.6143528938713448,0.0,0.58
RGLWEKCQEYLRKINRDIAQLLTH,scai,1.09,1.0982380952380957,3,Very High Response,0.08,0.0,0.08,0.0,0.0,0.0,0.0,0.31,0.0,0.15,0.0,0.0,0.0,0.08,0.0,0.0,0.0,0.08,0.0,0.08,0.0,0.0,0.08,0.0,0.23,0.0,0.15,0.0,0.0,0.08,0.15,0.0,0.0,0.08,0.15,0.0,0.08,0.0,0.0,0.0,24.0,0.323,0.6308410406257299,2.0,1.256
IMERIMDLPTLLRHAFREVFSV,rnf170,1.758,1.734862068965517,3,Very High Response,0.0,0.1,0.0,0.0,0.0,0.2,0.1,0.2,0.0,0.2,0.0,0.2,0.0,0.0,0.1,0.1,0.0,0.0,0.0,0.0,0.1,0.0,0.1,0.0,0.2,0.1,0.0,0.0,0.0,0.0,0.0,0.0,0.1,0.0,0.2,0.0,0.1,0.0,0.0,0.1,22.0,0.613,0.5161269601213732,0.0,0.487
QADILGALKHLRKELQSLRNRK,tmem260,0.444,0.457,4,No Response,0.09,0.09,0.09,0.0,0.0,0.0,0.09,0.36,0.0,0.09,0.0,0.0,0.0,0.0,0.0,0.0,0.0,0.0,0.0,0.0,0.09,0.0,0.0,0.0,0.09,0.18,0.18,0.09,0.09,0.0,0.09,0.09,0.09,0.0,0.0,0.09,0.09,0.0,0.0,0.0,22.0,0.116,0.36388681493050323,4.0,1.664
LDFLSERPWIKRMIFKL,apmap,0.484,0.4995714285714285,4,No Response,0.0,0.0,0.0,0.0,0.0,0.0,0.22,0.11,0.0,0.22,0.11,0.11,0.11,0.0,0.0,0.11,0.0,0.0,0.0,0.0,0.11,0.0,0.0,0.0,0.11,0.11,0.11,0.11,0.0,0.0,0.0,0.0,0.11,0.0,0.0,0.11,0.0,0.0,0.11,0.0,17.0,0.649,0.1717750607310838,2.0,0.822
FFIGDWMRCLY,wfs1,0.5555000000000001,0.5543333333333332,4,Moderate Response,0.0,0.0,0.2,0.0,0.0,0.0,0.0,0.2,0.0,0.2,0.2,0.2,0.0,0.2,0.0,0.2,0.2,0.0,0.0,0.2,0.0,0.0,0.0,0.0,0.2,0.0,0.0,0.0,0.0,0.0,0.0,0.0,0.2,0.0,0.0,0.0,0.0,0.0,0.0,0.0,11.0,1.025,0.5181474125721869,0.0,0.489
LYQRFKKTFR,fam210a,0.437,0.4364166666666667,4,No Response,0.0,0.0,0.0,0.0,0.0,0.0,0.0,0.2,0.0,0.0,0.0,0.4,0.0,0.0,0.0,0.0,0.0,0.2,0.0,0.0,0.0,0.0,0.0,0.2,0.4,0.0,0.4,0.0,0.0,0.0,0.2,0.0,0.0,0.0,0.0,0.0,0.0,0.0,0.0,0.0,10.0,0.228,0.7337574369411513,4.0,2.013
FWRRLEDLIQGLT,peds1,0.669,0.6556190476190477,4,Moderate Response,0.0,0.0,0.17,0.0,0.0,0.0,0.0,0.5,0.0,0.17,0.0,0.17,0.0,0.17,0.0,0.0,0.0,0.0,0.0,0.0,0.0,0.0,0.0,0.17,0.33,0.0,0.0,0.0,0.0,0.0,0.17,0.0,0.17,0.0,0.17,0.0,0.0,0.0,0.0,0.0,13.0,0.581,0.7845991380828778,0.0,0.741
LADTLRYWAS,mboat7,0.474,0.481090909090909,4,No Response,0.2,0.2,0.0,0.0,0.0,0.0,0.0,0.4,0.0,0.0,0.0,0.0,0.0,0.2,0.0,0.0,0.2,0.0,0.0,0.0,0.2,0.0,0.0,0.2,0.2,0.0,0.0,0.0,0.0,0.0,0.0,0.0,0.2,0.0,0.0,0.0,0.0,0.0,0.0,0.0,10.0,0.567,0.632433894862728,0.0,0.597
SFLWQRGRKFLQK,tor1aip2,0.444,0.4485333333333333,4,No Response,0.0,0.0,0.0,0.12,0.0,0.0,0.0,0.25,0.0,0.0,0.12,0.12,0.0,0.12,0.0,0.0,0.0,0.0,0.0,0.0,0.12,0.0,0.0,0.0,0.25,0.0,0.25,0.0,0.0,0.0,0.25,0.0,0.0,0.0,0.0,0.0,0.0,0.0,0.0,0.0,13.0,0.365,0.4175439498646662,4.0,1.714
MSLRQRLAQLVGRLQ,sgpp1,0.5465,0.5558000000000001,4,Moderate Response,0.12,0.0,0.12,0.0,0.0,0.12,0.0,0.5,0.0,0.0,0.0,0.0,0.0,0.0,0.12,0.0,0.0,0.0,0.0,0.0,0.12,0.0,0.0,0.0,0.25,0.12,0.0,0.0,0.0,0.0,0.25,0.12,0.0,0.0,0.0,0.0,0.0,0.0,0.0,0.0,15.0,0.389,0.41997272648704775,3.0,1.386
HPISRWIARNFY,ndufb5,0.443,0.4390909090909091,4,No Response,0.17,0.0,0.0,0.0,0.0,0.0,0.0,0.0,0.0,0.33,0.0,0.17,0.0,0.17,0.0,0.0,0.17,0.0,0.0,0.0,0.0,0.17,0.0,0.0,0.33,0.0,0.0,0.0,0.0,0.17,0.0,0.0,0.0,0.0,0.0,0.0,0.17,0.0,0.17,0.0,12.0,0.592,0.373811842849819,2.0,1.013
SLRPLLRRA,mboat7-2,0.535,0.55505,4,Moderate Response,0.0,0.25,0.0,0.0,0.0,0.0,0.0,0.75,0.0,0.0,0.0,0.0,0.0,0.0,0.0,0.0,0.0,0.0,0.0,0.0,0.0,0.25,0.0,0.0,0.75,0.0,0.0,0.0,0.0,0.0,0.0,0.0,0.0,0.0,0.0,0.0,0.0,0.0,0.25,0.0,9.0,0.34,0.5711344618657546,3.0,1.529
NRGYNLIYRSTRHLKRL,tmem192,0.4755,0.4682142857142857,4,No Response,0.0,0.0,0.0,0.11,0.0,0.0,0.0,0.33,0.0,0.11,0.0,0.0,0.0,0.0,0.0,0.0,0.11,0.11,0.0,0.0,0.0,0.11,0.0,0.11,0.44,0.0,0.11,0.0,0.22,0.0,0.0,0.0,0.0,0.0,0.0,0.0,0.11,0.0,0.0,0.0,17.0,0.173,0.5130068070238236,5.0,2.134
RSDVEAIAKLITSFL,cybc1,0.421,0.4206153846153846,4,No Response,0.14,0.14,0.0,0.0,0.0,0.14,0.0,0.29,0.0,0.29,0.0,0.14,0.0,0.0,0.0,0.0,0.0,0.0,0.0,0.0,0.29,0.0,0.14,0.0,0.14,0.0,0.14,0.0,0.0,0.0,0.0,0.0,0.0,0.14,0.14,0.0,0.0,0.0,0.0,0.0,15.0,0.493,0.5336722493237918,0.0,0.504
FWCRFRRAFITVTHR,lemd3,0.941,0.9942413793103448,3,High Response,0.12,0.0,0.0,0.0,0.0,0.12,0.0,0.0,0.12,0.0,0.0,0.38,0.0,0.12,0.0,0.0,0.0,0.0,0.12,0.0,0.0,0.0,0.12,0.12,0.38,0.12,0.0,0.0,0.0,0.0,0.0,0.0,0.0,0.0,0.0,0.0,0.12,0.0,0.0,0.0,15.0,0.607,0.44255670276275344,4.0,1.738
VLQEIYLSGLRSWKRHLSRFWND,cpt1c,0.672,0.6755384615384615,3,Moderate Response,0.0,0.0,0.0,0.08,0.08,0.0,0.08,0.25,0.08,0.0,0.0,0.08,0.0,0.17,0.0,0.0,0.0,0.08,0.0,0.0,0.25,0.0,0.0,0.0,0.25,0.0,0.0,0.08,0.08,0.0,0.0,0.08,0.08,0.0,0.08,0.0,0.0,0.08,0.0,0.0,23.0,0.471,0.5203040812103944,2.0,1.151
FICQFIEKLFRETIEPAVR,esyt2,0.537,0.538,4,Moderate Response,0.0,0.1,0.0,0.0,0.1,0.0,0.0,0.1,0.0,0.3,0.2,0.1,0.0,0.0,0.0,0.0,0.0,0.0,0.0,0.1,0.0,0.0,0.0,0.1,0.2,0.0,0.1,0.0,0.0,0.0,0.1,0.0,0.0,0.0,0.3,0.0,0.0,0.0,0.0,0.1,19.0,0.598,0.4546350418386472,0.0,0.429
LWDGARKTVATLWDGHAAVWH,tmem68,0.437,0.4517857142857143,4,No Response,0.3,0.1,0.2,0.0,0.0,0.2,0.0,0.2,0.0,0.0,0.0,0.0,0.0,0.3,0.0,0.0,0.0,0.0,0.0,0.0,0.0,0.0,0.1,0.1,0.0,0.1,0.1,0.0,0.0,0.0,0.0,0.0,0.2,0.0,0.0,0.0,0.1,0.1,0.0,0.0,21.0,0.527,0.4893773274097895,0.0,0.462
CASHLAWFGDSLTSLSQRLQ,tmem214,1.411,1.3795178571428568,1,Very High Response,0.2,0.0,0.0,0.1,0.0,0.0,0.0,0.4,0.0,0.0,0.0,0.1,0.1,0.0,0.0,0.0,0.0,0.0,0.0,0.1,0.2,0.2,0.1,0.0,0.1,0.0,0.0,0.0,0.0,0.0,0.2,0.0,0.1,0.0,0.0,0.0,0.0,0.1,0.0,0.0,20.0,0.55,0.4447841131396514,0.0,0.42
TLVRAAVRRYL,fitm2,0.7164999999999999,0.718,2,High Response,0.17,0.17,0.0,0.0,0.0,0.33,0.17,0.17,0.0,0.0,0.0,0.0,0.0,0.0,0.0,0.0,0.0,0.17,0.0,0.0,0.0,0.0,0.17,0.0,0.5,0.0,0.0,0.0,0.0,0.0,0.0,0.0,0.0,0.0,0.0,0.0,0.0,0.0,0.0,0.0,11.0,0.423,0.3793944867820402,3.0,1.348
WWARAARLARLRFRRSL,tmem160,0.487,0.4836470588235294,4,No Response,0.12,0.38,0.0,0.0,0.0,0.0,0.25,0.12,0.0,0.0,0.0,0.12,0.0,0.25,0.0,0.0,0.0,0.0,0.0,0.0,0.0,0.12,0.0,0.0,0.62,0.12,0.0,0.0,0.0,0.0,0.0,0.0,0.0,0.0,0.0,0.0,0.0,0.0,0.0,0.0,17.0,0.384,0.3212806666009569,6.0,2.283
WRSTVHGAVKFAFDFFFF,wfs1-2,1.487,1.483,3,Very High Response,0.0,0.22,0.11,0.0,0.0,0.22,0.0,0.0,0.0,0.0,0.33,0.33,0.0,0.11,0.0,0.0,0.0,0.0,0.0,0.0,0.11,0.0,0.0,0.11,0.11,0.0,0.11,0.0,0.0,0.0,0.0,0.0,0.11,0.0,0.0,0.0,0.11,0.0,0.0,0.0,18.0,0.757,0.30586617765921287,1.0,0.619
LASTLKTLL,vma21,0.64,0.6518,1,Moderate Response,0.0,0.33,0.0,0.0,0.0,0.0,0.0,1.33,0.0,0.0,0.0,0.0,0.0,0.0,0.0,0.0,0.0,0.0,0.0,0.0,0.33,0.0,0.33,0.33,0.0,0.0,0.33,0.0,0.0,0.0,0.0,0.0,0.0,0.0,0.0,0.0,0.0,0.0,0.0,0.0,9.0,0.733,0.645849810197174,1.0,0.94
FLKRLSSQLILLQAWTSHLWKMFY,emc1,3.1645,3.33825,2,Very High Response,0.08,0.0,0.0,0.0,0.0,0.0,0.08,0.42,0.08,0.0,0.0,0.17,0.0,0.17,0.08,0.0,0.08,0.0,0.0,0.0,0.25,0.0,0.0,0.08,0.08,0.0,0.17,0.0,0.0,0.0,0.0,0.17,0.0,0.0,0.0,0.0,0.08,0.0,0.0,0.0,24.0,0.809,0.4434415930313395,3.0,1.409
NILSYWIRTSKPVFRKMLFPILL,tmem126a,0.639,0.6467777777777778,4,Moderate Response,0.0,0.0,0.0,0.0,0.0,0.08,0.25,0.08,0.0,0.25,0.08,0.08,0.0,0.08,0.0,0.08,0.08,0.0,0.0,0.0,0.08,0.08,0.0,0.08,0.17,0.0,0.17,0.0,0.08,0.0,0.0,0.0,0.0,0.0,0.0,0.0,0.0,0.0,0.08,0.08,23.0,0.803,0.32822551489491547,4.0,1.63
EWPRKLVSYCPRRLQQLL,ggcx,0.478,0.5110000000000001,4,No Response,0.0,0.0,0.0,0.0,0.0,0.11,0.0,0.44,0.0,0.0,0.0,0.0,0.0,0.11,0.0,0.0,0.11,0.0,0.0,0.11,0.11,0.0,0.0,0.0,0.22,0.11,0.11,0.0,0.0,0.0,0.22,0.0,0.0,0.0,0.11,0.0,0.0,0.0,0.11,0.11,18.0,0.504,0.5628899626698752,3.0,1.521
IQLVFKNLQEIWRC,nemp1-2,0.446,0.4408888888888889,4,No Response,0.0,0.0,0.0,0.0,0.0,0.14,0.14,0.14,0.0,0.29,0.0,0.14,0.0,0.14,0.0,0.0,0.0,0.0,0.14,0.0,0.0,0.0,0.0,0.0,0.14,0.0,0.14,0.0,0.0,0.14,0.29,0.0,0.0,0.0,0.14,0.0,0.0,0.0,0.0,0.0,14.0,0.723,0.6078897579106425,1.0,0.904
DVLTQIGRSVRGTLDAWI,tmem109,0.451,0.4544285714285714,4,No Response,0.11,0.0,0.11,0.11,0.0,0.22,0.0,0.22,0.0,0.22,0.0,0.0,0.0,0.11,0.0,0.0,0.0,0.0,0.0,0.0,0.11,0.0,0.11,0.11,0.22,0.0,0.0,0.0,0.0,0.0,0.11,0.0,0.22,0.0,0.0,0.0,0.0,0.0,0.0,0.0,18.0,0.483,0.5979082605279065,0.0,0.564
LTMSGMAGLFSISGKIWHLHNYFTVT,tmx4,1.437,1.4192142857142858,2,Very High Response,0.08,0.0,0.15,0.08,0.08,0.0,0.0,0.23,0.0,0.15,0.08,0.08,0.0,0.08,0.08,0.08,0.08,0.0,0.0,0.0,0.15,0.08,0.08,0.15,0.0,0.0,0.08,0.0,0.08,0.0,0.0,0.0,0.0,0.0,0.0,0.0,0.08,0.08,0.0,0.0,26.0,0.723,0.20452531343167174,1.0,0.523
FKSSLTRLGRHWLQRLHR,tmem245,0.59,0.5800857142857142,4,Moderate Response,0.0,0.0,0.0,0.11,0.0,0.0,0.0,0.44,0.0,0.0,0.0,0.11,0.0,0.11,0.0,0.0,0.0,0.0,0.0,0.0,0.22,0.0,0.11,0.0,0.33,0.11,0.0,0.11,0.0,0.0,0.11,0.0,0.0,0.0,0.0,0.0,0.22,0.0,0.0,0.0,18.0,0.335,0.5472635634987176,5.0,2.167
KQLFRKINCRLSYCISSQLVMLLEWW,agpat4,0.495,0.4908666666666667,4,No Response,0.0,0.0,0.0,0.0,0.08,0.0,0.08,0.33,0.0,0.17,0.0,0.08,0.0,0.17,0.0,0.08,0.08,0.0,0.08,0.08,0.25,0.0,0.0,0.0,0.17,0.0,0.08,0.08,0.0,0.08,0.08,0.08,0.0,0.0,0.08,0.0,0.0,0.0,0.0,0.0,26.0,0.734,0.35708901190899617,3.0,1.327
PQKKEDDFLNNAMSSLYSGWSSFTTGASRFASAAKEGATKFGSQASQKASELGHSLNENVLKPAQEKVKEGKIFDDVSSGVSQLASKVQGVGSKGWRDVTTFFSGKAEGPLDS,arfgap1,0.597,0.6087297297297297,5,Moderate Response,0.04,0.16,0.07,0.14,0.02,0.11,0.04,0.09,0.0,0.02,0.02,0.11,0.0,0.04,0.0,0.02,0.0,0.02,0.0,0.0,0.27,0.05,0.07,0.02,0.04,0.0,0.14,0.07,0.05,0.02,0.07,0.04,0.09,0.02,0.07,0.05,0.02,0.0,0.0,0.05,113.0,0.186,0.2879933675855683,1.0,0.602
LPQGQGMLSGIGRKVSSLFGILS,nup133,0.597,0.5994736842105264,5,Moderate Response,0.0,0.0,0.25,0.17,0.0,0.08,0.0,0.33,0.08,0.08,0.0,0.08,0.0,0.0,0.0,0.08,0.0,0.0,0.0,0.0,0.33,0.0,0.0,0.0,0.08,0.0,0.0,0.08,0.0,0.0,0.17,0.0,0.0,0.0,0.0,0.0,0.0,0.0,0.08,0.0,23.0,0.555,0.41666330786642725,2.0,1.053
QHQGILSRVTESVKNIVPGWLQRYFNKN,nup153,1.561,1.6167647058823529,5,Very High Response,0.0,0.0,0.14,0.0,0.0,0.21,0.0,0.14,0.07,0.07,0.07,0.0,0.0,0.07,0.0,0.0,0.0,0.07,0.0,0.0,0.14,0.0,0.0,0.07,0.14,0.0,0.0,0.14,0.14,0.07,0.14,0.07,0.0,0.0,0.07,0.0,0.0,0.07,0.07,0.0,28.0,0.342,0.35143875992761703,3.0,1.322
TSSLRRQMKNIVH,epsin1,0.966,0.987875,5,High Response,0.0,0.0,0.0,0.0,0.0,0.14,0.0,0.14,0.0,0.14,0.0,0.0,0.0,0.0,0.0,0.14,0.0,0.0,0.0,0.0,0.29,0.0,0.0,0.14,0.29,0.0,0.14,0.0,0.14,0.0,0.0,0.14,0.0,0.0,0.0,0.0,0.14,0.0,0.0,0.0,13.0,0.187,0.5188805276177958,3.0,1.48
HLQEQVDQVKKQVKDVEEQSKEFVQQVEEKSIDLIQKWEEKSREFIGSFLEMFG,mdomain,0.4315,0.4448999999999999,5,No Response,0.0,0.0,0.07,0.0,0.0,0.22,0.04,0.07,0.04,0.07,0.0,0.15,0.0,0.04,0.0,0.04,0.0,0.0,0.0,0.0,0.04,0.11,0.0,0.0,0.04,0.0,0.15,0.11,0.0,0.0,0.22,0.07,0.11,0.0,0.26,0.11,0.04,0.0,0.0,0.0,54.0,0.186,0.462225214087329,-5.0,-1.214
VEEQSKEFVQQVEEKSIDLIQKWEEKSREFIGSFLEMFG,p2,0.4505,0.4544999999999999,5,No Response,0.0,0.0,0.11,0.0,0.0,0.16,0.05,0.05,0.05,0.11,0.0,0.21,0.0,0.05,0.0,0.05,0.0,0.0,0.0,0.0,0.05,0.16,0.0,0.0,0.05,0.0,0.11,0.11,0.0,0.0,0.21,0.0,0.05,0.0,0.32,0.16,0.0,0.0,0.0,0.0,39.0,0.271,0.44461307811272366,-5.0,-1.23
